{
    "configuration": {
        "departure": "Naples",
        "price_cap": 20,
        "delay": 18000
    },
    "cities": [
        {
            "name": "Naples",
            "country": "Italy",
            "identifiers": {
                "omio": 338555,
                "ryanair": "NAP",
                "wizzair": "NAP",
                "itabus": "NAP_T",
                "flixbus": "40e096c1-8646-11e6-9066-549f350fcb0c"
            }
        },
        {
            "name": "Rome Termini",
            "country": "Italy",
            "identifiers": {
                "omio": 338579
            }
        },
        {
            "name": "Florence Santa Maria Novella",
            "country": "Italy",
            "identifiers": {
                "omio": 338467
            }
        },
        {
            "name": "Pompei",
            "country": "Italy",
            "identifiers": {
                "omio": 3332187,
                "flixbus": "40e2b636-8646-11e6-9066-549f350fcb0c"
            }
        },
        {
            "name": "Milan Centrale",
            "country": "Italy",
            "identifiers": {
                "omio": 16836735
            }
        },
        {
            "name": "Sorrento",
            "country": "Italy",
            "identifiers": {
                "omio": 388645,
                "flixbus": "6187d07a-8421-4536-97da-c3f138fd36f8"
            }
        },
        {
            "name": "Salerno",
            "country": "Italy",
            "identifiers": {
                "omio": 388521,
                "itabus": "SAL_T",
                "flixbus": "40e1c543-8646-11e6-9066-549f350fcb0c"
            }
        },
        {
            "name": "Bari Centrale",
            "country": "Italy",
            "identifiers": {
                "omio": 16942272
            }
        },
        {
            "name": "Rome",
            "country": "Italy",
            "identifiers": {
                "omio": 388498,
                "itabus": "ROM_T",
                "flixbus": "40de90ff-8646-11e6-9066-549f350fcb0c"
            }
        },
        {
            "name": "Rome Leonardo da Vinci Fiumicino Airport",
            "country": "Italy",
            "identifiers": {
                "omio": 315095
            }
        },
        {
            "name": "Bologna Centrale",
            "country": "Italy",
            "identifiers": {
                "omio": 338533
            }
        },
        {
            "name": "Fiumicino Aeroporto",
            "country": "Italy",
            "identifiers": {
                "omio": 3333428
            }
        },
        {
            "name": "Venice Mestre",
            "country": "Italy",
            "identifiers": {
                "omio": 338410
            }
        },
        {
            "name": "Rome Tiburtina",
            "country": "Italy",
            "identifiers": {
                "omio": 338578
            }
        },
        {
            "name": "Caserta",
            "country": "Italy",
            "identifiers": {
                "omio": 3332126,
                "itabus": "CAS_T",
                "flixbus": "40e1c491-8646-11e6-9066-549f350fcb0c"
            }
        },
        {
            "name": "Venice Santa Lucia",
            "country": "Italy",
            "identifiers": {
                "omio": 338411
            }
        },
        {
            "name": "Verona Porta Nuova",
            "country": "Italy",
            "identifiers": {
                "omio": 338437
            }
        },
        {
            "name": "Brescia",
            "country": "Italy",
            "identifiers": {
                "omio": 3331558,
                "itabus": "BRE_T",
                "flixbus": "40df2b0e-8646-11e6-9066-549f350fcb0c"
            }
        },
        {
            "name": "Pompei Scavi - Villa Dei Misteri",
            "country": "Italy",
            "identifiers": {
                "omio": 16890256
            }
        },
        {
            "name": "Vasto",
            "country": "Italy",
            "identifiers": {
                "itabus": "VAS_T"
            }
        },
        {
            "name": "Porto Cesareo",
            "country": "Italy",
            "identifiers": {
                "itabus": "PCS_T",
                "flixbus": "19b8f193-7c6c-401f-bcee-1f314fdb95d4"
            }
        },
        {
            "name": "Pietra Ligure",
            "country": "Italy",
            "identifiers": {
                "itabus": "PTL_T"
            }
        },
        {
            "name": "Borca di Cadore",
            "country": "Italy",
            "identifiers": {
                "itabus": "BDC_T"
            }
        },
        {
            "name": "Valle di Cadore",
            "country": "Italy",
            "identifiers": {
                "itabus": "VAC_T"
            }
        },
        {
            "name": "Frosinone",
            "country": "Italy",
            "identifiers": {
                "itabus": "FRO_T",
                "flixbus": "40e2c546-8646-11e6-9066-549f350fcb0c"
            }
        },
        {
            "name": "Moscenicka Draga",
            "country": "Italy",
            "identifiers": {
                "itabus": "MOK_T"
            }
        },
        {
            "name": "Bergamo",
            "country": "Italy",
            "identifiers": {
                "itabus": "BGG_T",
                "flixbus": "40e098df-8646-11e6-9066-549f350fcb0c"
            }
        },
        {
            "name": "Fermo",
            "country": "Italy",
            "identifiers": {
                "itabus": "FEM_T"
            }
        },
        {
            "name": "Brindisi",
            "country": "Italy",
            "identifiers": {
                "itabus": "BRI_T",
                "flixbus": "40e09c84-8646-11e6-9066-549f350fcb0c"
            }
        },
        {
            "name": "Potenza",
            "country": "Italy",
            "identifiers": {
                "itabus": "POT_T",
                "flixbus": "40e27f75-8646-11e6-9066-549f350fcb0c"
            }
        },
        {
            "name": "Orio al Serio Airport",
            "country": "Italy",
            "identifiers": {
                "itabus": "BGY_T"
            }
        },
        {
            "name": "Candela",
            "country": "Italy",
            "identifiers": {
                "itabus": "CAN_T",
                "flixbus": "3cc15d6c-f501-4118-8c0d-6f631f75ec44"
            }
        },
        {
            "name": "Zagorje",
            "country": "Italy",
            "identifiers": {
                "itabus": "ZGR_T"
            }
        },
        {
            "name": "Nice Airport",
            "country": "Italy",
            "identifiers": {
                "itabus": "NIA_T"
            }
        },
        {
            "name": "Zurich",
            "country": "Italy",
            "identifiers": {
                "itabus": "ZUG_T"
            }
        },
        {
            "name": "Saint Etienne",
            "country": "Italy",
            "identifiers": {
                "itabus": "STE_T"
            }
        },
        {
            "name": "Plomin",
            "country": "Italy",
            "identifiers": {
                "itabus": "PLO_T"
            }
        },
        {
            "name": "Antibes",
            "country": "Italy",
            "identifiers": {
                "itabus": "ANT_T"
            }
        },
        {
            "name": "Lugano",
            "country": "Italy",
            "identifiers": {
                "itabus": "LUG_T"
            }
        },
        {
            "name": "Geneva",
            "country": "Italy",
            "identifiers": {
                "itabus": "GNV_T",
                "flixbus": "40df585b-8646-11e6-9066-549f350fcb0c"
            }
        },
        {
            "name": "Corigliano Calabro",
            "country": "Italy",
            "identifiers": {
                "itabus": "COR_T"
            }
        },
        {
            "name": "Como",
            "country": "Italy",
            "identifiers": {
                "itabus": "CMO_T",
                "flixbus": "dd129ead-912c-4052-8e6a-cd441c14d0b6"
            }
        },
        {
            "name": "Pula",
            "country": "Italy",
            "identifiers": {
                "itabus": "PUL_T",
                "flixbus": "40e28e9d-8646-11e6-9066-549f350fcb0c"
            }
        },
        {
            "name": "Andria",
            "country": "Italy",
            "identifiers": {
                "itabus": "AND_T"
            }
        },
        {
            "name": "Siena",
            "country": "Italy",
            "identifiers": {
                "itabus": "SIE_T",
                "flixbus": "40e10ab9-8646-11e6-9066-549f350fcb0c"
            }
        },
        {
            "name": "Parma",
            "country": "Italy",
            "identifiers": {
                "itabus": "PAR_T",
                "flixbus": "40e109f0-8646-11e6-9066-549f350fcb0c"
            }
        },
        {
            "name": "Firmo",
            "country": "Italy",
            "identifiers": {
                "itabus": "FRM_T",
                "flixbus": "cd430f86-3e02-4506-b275-c7a76f99e483"
            }
        },
        {
            "name": "Trebisacce",
            "country": "Italy",
            "identifiers": {
                "itabus": "TRB_T"
            }
        },
        {
            "name": "Cosenza",
            "country": "Italy",
            "identifiers": {
                "itabus": "COS_T"
            }
        },
        {
            "name": "Imperia",
            "country": "Italy",
            "identifiers": {
                "itabus": "IMP_T"
            }
        },
        {
            "name": "Castel di Sangro",
            "country": "Italy",
            "identifiers": {
                "itabus": "CDS_T"
            }
        },
        {
            "name": "Vozilici",
            "country": "Italy",
            "identifiers": {
                "itabus": "VOZ_T"
            }
        },
        {
            "name": "Rijeka",
            "country": "Italy",
            "identifiers": {
                "itabus": "FIU_T",
                "flixbus": "40e11860-8646-11e6-9066-549f350fcb0c"
            }
        },
        {
            "name": "Most-Rasa",
            "country": "Italy",
            "identifiers": {
                "itabus": "MTR_T"
            }
        },
        {
            "name": "Bari",
            "country": "Italy",
            "identifiers": {
                "itabus": "BAR_T",
                "flixbus": "40df3bba-8646-11e6-9066-549f350fcb0c"
            }
        },
        {
            "name": "Nova Siri Scalo",
            "country": "Italy",
            "identifiers": {
                "itabus": "NVS_T"
            }
        },
        {
            "name": "Melissa",
            "country": "Italy",
            "identifiers": {
                "itabus": "MEL_T"
            }
        },
        {
            "name": "Amendolara",
            "country": "Italy",
            "identifiers": {
                "itabus": "AMD_T"
            }
        },
        {
            "name": "Treviso Airport",
            "country": "Italy",
            "identifiers": {
                "itabus": "TRS_T"
            }
        },
        {
            "name": "Delnice",
            "country": "Italy",
            "identifiers": {
                "itabus": "DLN_T"
            }
        },
        {
            "name": "Perugia",
            "country": "Italy",
            "identifiers": {
                "itabus": "PER_T"
            }
        },
        {
            "name": "Lauria",
            "country": "Italy",
            "identifiers": {
                "itabus": "LAU_T"
            }
        },
        {
            "name": "Longarone",
            "country": "Italy",
            "identifiers": {
                "itabus": "LGN_T"
            }
        },
        {
            "name": "Maglie",
            "country": "Italy",
            "identifiers": {
                "itabus": "MGL_T",
                "flixbus": "17313264-e40f-402b-a3ed-cdad20c5ae37"
            }
        },
        {
            "name": "Strongoli",
            "country": "Italy",
            "identifiers": {
                "itabus": "STR_T"
            }
        },
        {
            "name": "Vodo di Cadore",
            "country": "Italy",
            "identifiers": {
                "itabus": "VOD_T"
            }
        },
        {
            "name": "Nimes",
            "country": "Italy",
            "identifiers": {
                "itabus": "NIM_T"
            }
        },
        {
            "name": "Savona",
            "country": "Italy",
            "identifiers": {
                "itabus": "SAV_T",
                "flixbus": "40e2b7ad-8646-11e6-9066-549f350fcb0c"
            }
        },
        {
            "name": "Sibari",
            "country": "Italy",
            "identifiers": {
                "itabus": "SIB_T",
                "flixbus": "d1152ec7-2550-45c6-85c8-662f1fb9dd82"
            }
        },
        {
            "name": "Avellino",
            "country": "Italy",
            "identifiers": {
                "itabus": "AVE_T",
                "flixbus": "40e304aa-8646-11e6-9066-549f350fcb0c"
            }
        },
        {
            "name": "Peaio",
            "country": "Italy",
            "identifiers": {
                "itabus": "PEA_T"
            }
        },
        {
            "name": "Cariati",
            "country": "Italy",
            "identifiers": {
                "itabus": "CAR_T",
                "flixbus": "ccb9e6c2-63d1-4057-b5d5-21ee61e9ebf2"
            }
        },
        {
            "name": "Bled",
            "country": "Italy",
            "identifiers": {
                "itabus": "BLD_T"
            }
        },
        {
            "name": "Matera",
            "country": "Italy",
            "identifiers": {
                "itabus": "MAT_T",
                "flixbus": "40e2805d-8646-11e6-9066-549f350fcb0c"
            }
        },
        {
            "name": "Villa San Giovanni",
            "country": "Italy",
            "identifiers": {
                "itabus": "VIL_T"
            }
        },
        {
            "name": "Venas di Cadore",
            "country": "Italy",
            "identifiers": {
                "itabus": "VNS_T"
            }
        },
        {
            "name": "Gioia del Colle",
            "country": "Italy",
            "identifiers": {
                "itabus": "GDC_T"
            }
        },
        {
            "name": "Avetrana",
            "country": "Italy",
            "identifiers": {
                "itabus": "AVT_T"
            }
        },
        {
            "name": "Ljubljana",
            "country": "Italy",
            "identifiers": {
                "itabus": "LUS_T"
            }
        },
        {
            "name": "Bordeaux",
            "country": "Italy",
            "identifiers": {
                "itabus": "BDX_T"
            }
        },
        {
            "name": "Colli a Volturno",
            "country": "Italy",
            "identifiers": {
                "itabus": "COV_T"
            }
        },
        {
            "name": "San Tommaso Tre Archi",
            "country": "Italy",
            "identifiers": {
                "itabus": "STA_T"
            }
        },
        {
            "name": "Cima i Pr\u00e0",
            "country": "Italy",
            "identifiers": {
                "itabus": "CIM_T"
            }
        },
        {
            "name": "Ferrara",
            "country": "Italy",
            "identifiers": {
                "itabus": "FER_T",
                "flixbus": "40e09774-8646-11e6-9066-549f350fcb0c"
            }
        },
        {
            "name": "Innsbruck",
            "country": "Italy",
            "identifiers": {
                "itabus": "INN_T"
            }
        },
        {
            "name": "Porto Sant'Elpidio",
            "country": "Italy",
            "identifiers": {
                "itabus": "PSE_T"
            }
        },
        {
            "name": "Rome Fiumicino Airport",
            "country": "Italy",
            "identifiers": {
                "itabus": "FCO_T",
                "flixbus": "105d8c7f-86c9-430f-85ea-5b502d2c21bc"
            }
        },
        {
            "name": "Tursi",
            "country": "Italy",
            "identifiers": {
                "itabus": "TUS_T"
            }
        },
        {
            "name": "Pedaso",
            "country": "Italy",
            "identifiers": {
                "itabus": "PED_T"
            }
        },
        {
            "name": "Francavilla Fontana",
            "country": "Italy",
            "identifiers": {
                "itabus": "FFT_T"
            }
        },
        {
            "name": "Mosciano Sant' Angelo",
            "country": "Italy",
            "identifiers": {
                "itabus": "GLN_T"
            }
        },
        {
            "name": "Bale",
            "country": "Italy",
            "identifiers": {
                "itabus": "BLE_T"
            }
        },
        {
            "name": "La Spezia",
            "country": "Italy",
            "identifiers": {
                "itabus": "LAS_T",
                "flixbus": "40e1b626-8646-11e6-9066-549f350fcb0c"
            }
        },
        {
            "name": "Munich",
            "country": "Italy",
            "identifiers": {
                "itabus": "MUN_T"
            }
        },
        {
            "name": "Vodnjan",
            "country": "Italy",
            "identifiers": {
                "itabus": "DOV_T"
            }
        },
        {
            "name": "Cupra Marittima",
            "country": "Italy",
            "identifiers": {
                "itabus": "CUP_T"
            }
        },
        {
            "name": "Rocca Imperiale Marina",
            "country": "Italy",
            "identifiers": {
                "itabus": "RCM_T"
            }
        },
        {
            "name": "Lyon",
            "country": "Italy",
            "identifiers": {
                "itabus": "LYF_T"
            }
        },
        {
            "name": "Mandatoriccio",
            "country": "Italy",
            "identifiers": {
                "itabus": "MND_T",
                "flixbus": "6b744e4e-e86c-4b11-ba5a-109b4d2b74d0"
            }
        },
        {
            "name": "Pescara",
            "country": "Italy",
            "identifiers": {
                "itabus": "PEC_T",
                "flixbus": "40df3966-8646-11e6-9066-549f350fcb0c"
            }
        },
        {
            "name": "Catania",
            "country": "Italy",
            "identifiers": {
                "itabus": "CAT_T"
            }
        },
        {
            "name": "Marcana",
            "country": "Italy",
            "identifiers": {
                "itabus": "MAR_T"
            }
        },
        {
            "name": "Venice Airport",
            "country": "Italy",
            "identifiers": {
                "itabus": "VEN3_T",
                "flixbus": "b2a6981d-00be-40c6-9141-57e4977b409f"
            }
        },
        {
            "name": "Latronico",
            "country": "Italy",
            "identifiers": {
                "itabus": "LAT_T"
            }
        },
        {
            "name": "Molfetta",
            "country": "Italy",
            "identifiers": {
                "itabus": "MOF_T"
            }
        },
        {
            "name": "Strasbourg",
            "country": "Italy",
            "identifiers": {
                "itabus": "STS_T"
            }
        },
        {
            "name": "Porto D'Ascoli",
            "country": "Italy",
            "identifiers": {
                "itabus": "PDA_T"
            }
        },
        {
            "name": "Medveja",
            "country": "Italy",
            "identifiers": {
                "itabus": "MDV_T"
            }
        },
        {
            "name": "Rossano",
            "country": "Italy",
            "identifiers": {
                "itabus": "RON_T"
            }
        },
        {
            "name": "Porto San Giorgio",
            "country": "Italy",
            "identifiers": {
                "itabus": "PSG_T"
            }
        },
        {
            "name": "Grenoble",
            "country": "Italy",
            "identifiers": {
                "itabus": "GRE_T"
            }
        },
        {
            "name": "Oulx",
            "country": "Italy",
            "identifiers": {
                "itabus": "OUX_T"
            }
        },
        {
            "name": "Valsinni",
            "country": "Italy",
            "identifiers": {
                "itabus": "VNN_T"
            }
        },
        {
            "name": "Graz Airport",
            "country": "Italy",
            "identifiers": {
                "itabus": "GZA_T"
            }
        },
        {
            "name": "Brive-la-Gaillarde",
            "country": "Italy",
            "identifiers": {
                "itabus": "BLG_T"
            }
        },
        {
            "name": "Prato",
            "country": "Italy",
            "identifiers": {
                "itabus": "PRA_T",
                "flixbus": "40e1afd2-8646-11e6-9066-549f350fcb0c"
            }
        },
        {
            "name": "Orte",
            "country": "Italy",
            "identifiers": {
                "itabus": "ORT_T"
            }
        },
        {
            "name": "L'Aquila",
            "country": "Italy",
            "identifiers": {
                "itabus": "LAQ_T",
                "flixbus": "40e28236-8646-11e6-9066-549f350fcb0c"
            }
        },
        {
            "name": "Lovran",
            "country": "Italy",
            "identifiers": {
                "itabus": "LOV_T"
            }
        },
        {
            "name": "Mulhouse",
            "country": "Italy",
            "identifiers": {
                "itabus": "MUL_T"
            }
        },
        {
            "name": "Karlovac",
            "country": "Italy",
            "identifiers": {
                "itabus": "KRL_T"
            }
        },
        {
            "name": "Catania Airport",
            "country": "Italy",
            "identifiers": {
                "itabus": "CAT2_T"
            }
        },
        {
            "name": "Vienna",
            "country": "Italy",
            "identifiers": {
                "itabus": "WIE_T"
            }
        },
        {
            "name": "Sanremo",
            "country": "Italy",
            "identifiers": {
                "itabus": "SAR_T"
            }
        },
        {
            "name": "Opatija",
            "country": "Italy",
            "identifiers": {
                "itabus": "OPA_T"
            }
        },
        {
            "name": "Aix-en-Provence",
            "country": "Italy",
            "identifiers": {
                "itabus": "AEP_T"
            }
        },
        {
            "name": "Clermont-Ferrand",
            "country": "Italy",
            "identifiers": {
                "itabus": "CLF_T"
            }
        },
        {
            "name": "Crotone",
            "country": "Italy",
            "identifiers": {
                "itabus": "CRO_T",
                "flixbus": "114c5c6d-ba4e-43b8-9cbd-aa499d004bc7"
            }
        },
        {
            "name": "Verona",
            "country": "Italy",
            "identifiers": {
                "itabus": "VER_T",
                "flixbus": "40dea1ff-8646-11e6-9066-549f350fcb0c"
            }
        },
        {
            "name": "Ostuni",
            "country": "Italy",
            "identifiers": {
                "itabus": "OST_T"
            }
        },
        {
            "name": "Toulouse",
            "country": "Italy",
            "identifiers": {
                "itabus": "TOU_T"
            }
        },
        {
            "name": "Labin",
            "country": "Italy",
            "identifiers": {
                "itabus": "LAB_T"
            }
        },
        {
            "name": "Grottammare",
            "country": "Italy",
            "identifiers": {
                "itabus": "GRT_T"
            }
        },
        {
            "name": "Cir\u00f2 Marina",
            "country": "Italy",
            "identifiers": {
                "itabus": "CIR_T",
                "flixbus": "605fcbbe-2354-472b-a598-f2fd98f0f760"
            }
        },
        {
            "name": "Tai di Cadore",
            "country": "Italy",
            "identifiers": {
                "itabus": "TDC_T"
            }
        },
        {
            "name": "Milan",
            "country": "Italy",
            "identifiers": {
                "itabus": "MIL_T"
            }
        },
        {
            "name": "Trieste",
            "country": "Italy",
            "identifiers": {
                "itabus": "TRI_T",
                "flixbus": "40de9f2f-8646-11e6-9066-549f350fcb0c"
            }
        },
        {
            "name": "Perpignan",
            "country": "Italy",
            "identifiers": {
                "itabus": "PRP_T"
            }
        },
        {
            "name": "Bologna",
            "country": "Italy",
            "identifiers": {
                "itabus": "BOL_T",
                "flixbus": "40df3653-8646-11e6-9066-549f350fcb0c"
            }
        },
        {
            "name": "Todi",
            "country": "Italy",
            "identifiers": {
                "itabus": "TOD_T"
            }
        },
        {
            "name": "Rasa",
            "country": "Italy",
            "identifiers": {
                "itabus": "RAS_T"
            }
        },
        {
            "name": "Messina",
            "country": "Italy",
            "identifiers": {
                "itabus": "MES_T"
            }
        },
        {
            "name": "Barban",
            "country": "Italy",
            "identifiers": {
                "itabus": "BRB_T"
            }
        },
        {
            "name": "Porec",
            "country": "Italy",
            "identifiers": {
                "itabus": "PRC_T"
            }
        },
        {
            "name": "I\u010di\u0107i",
            "country": "Italy",
            "identifiers": {
                "itabus": "ICI_T"
            }
        },
        {
            "name": "Nard\u00f2",
            "country": "Italy",
            "identifiers": {
                "itabus": "NRD_T",
                "flixbus": "f50ca831-fb66-42a5-be09-55ce6ee20134"
            }
        },
        {
            "name": "Taranto",
            "country": "Italy",
            "identifiers": {
                "itabus": "TAR_T"
            }
        },
        {
            "name": "Paris",
            "country": "Italy",
            "identifiers": {
                "itabus": "PRS_T"
            }
        },
        {
            "name": "San Vito di Cadore",
            "country": "Italy",
            "identifiers": {
                "itabus": "SVC_T"
            }
        },
        {
            "name": "Barcelona",
            "country": "Italy",
            "identifiers": {
                "itabus": "BRC_T"
            }
        },
        {
            "name": "Pietrapaola",
            "country": "Italy",
            "identifiers": {
                "itabus": "PIE_T",
                "flixbus": "36efe1b9-ffb9-4e30-8297-0c377336aa7d"
            }
        },
        {
            "name": "Brse\u010d",
            "country": "Italy",
            "identifiers": {
                "itabus": "BRS_T"
            }
        },
        {
            "name": "Mantova",
            "country": "Italy",
            "identifiers": {
                "itabus": "MAN_T"
            }
        },
        {
            "name": "San Severo",
            "country": "Italy",
            "identifiers": {
                "itabus": "SAS_T",
                "flixbus": "40e2738f-8646-11e6-9066-549f350fcb0c"
            }
        },
        {
            "name": "Manduria",
            "country": "Italy",
            "identifiers": {
                "itabus": "MDR_T"
            }
        },
        {
            "name": "Annecy",
            "country": "Italy",
            "identifiers": {
                "itabus": "ANN_T"
            }
        },
        {
            "name": "Sala Consilina",
            "country": "Italy",
            "identifiers": {
                "itabus": "SAC_T",
                "flixbus": "874db01a-d53e-4167-8705-1a7f5173eed3"
            }
        },
        {
            "name": "Milan Malpensa Airport",
            "country": "Italy",
            "identifiers": {
                "itabus": "MXP_T",
                "flixbus": "40e324e7-8646-11e6-9066-549f350fcb0c"
            }
        },
        {
            "name": "Montenero di Bisaccia",
            "country": "Italy",
            "identifiers": {
                "itabus": "MDB_T"
            }
        },
        {
            "name": "Francavilla in Sinni",
            "country": "Italy",
            "identifiers": {
                "itabus": "FIN_T"
            }
        },
        {
            "name": "Lamezia Terme",
            "country": "Italy",
            "identifiers": {
                "itabus": "LAM_T"
            }
        },
        {
            "name": "Crosia",
            "country": "Italy",
            "identifiers": {
                "itabus": "MRT_T"
            }
        },
        {
            "name": "Foggia",
            "country": "Italy",
            "identifiers": {
                "itabus": "FOG_T",
                "flixbus": "40df3a5e-8646-11e6-9066-549f350fcb0c"
            }
        },
        {
            "name": "Genoa",
            "country": "Italy",
            "identifiers": {
                "itabus": "GEN_T",
                "flixbus": "40df4521-8646-11e6-9066-549f350fcb0c"
            }
        },
        {
            "name": "Padua",
            "country": "Italy",
            "identifiers": {
                "itabus": "PAD_T",
                "flixbus": "40de8868-8646-11e6-9066-549f350fcb0c"
            }
        },
        {
            "name": "Hrelji\u0107i",
            "country": "Italy",
            "identifiers": {
                "itabus": "BRT_T"
            }
        },
        {
            "name": "Montpellier",
            "country": "Italy",
            "identifiers": {
                "itabus": "MOP_T"
            }
        },
        {
            "name": "Narbonne",
            "country": "Italy",
            "identifiers": {
                "itabus": "NRB_T"
            }
        },
        {
            "name": "San Salvo",
            "country": "Italy",
            "identifiers": {
                "itabus": "SAN_T"
            }
        },
        {
            "name": "Vienna Airport",
            "country": "Italy",
            "identifiers": {
                "itabus": "WIA_T"
            }
        },
        {
            "name": "Montegiordano",
            "country": "Italy",
            "identifiers": {
                "itabus": "MTG_T"
            }
        },
        {
            "name": "Fasano",
            "country": "Italy",
            "identifiers": {
                "itabus": "FAS_T"
            }
        },
        {
            "name": "Roseto Capo Spulico",
            "country": "Italy",
            "identifiers": {
                "itabus": "RCS_T"
            }
        },
        {
            "name": "Lanciano",
            "country": "Italy",
            "identifiers": {
                "itabus": "LAN_T"
            }
        },
        {
            "name": "Celje",
            "country": "Italy",
            "identifiers": {
                "itabus": "CLJ_T"
            }
        },
        {
            "name": "Venice",
            "country": "Italy",
            "identifiers": {
                "itabus": "VEN_T",
                "flixbus": "40dea03b-8646-11e6-9066-549f350fcb0c"
            }
        },
        {
            "name": "Valserhone",
            "country": "Italy",
            "identifiers": {
                "itabus": "VAH_T"
            }
        },
        {
            "name": "Policoro",
            "country": "Italy",
            "identifiers": {
                "itabus": "PLC_T"
            }
        },
        {
            "name": "Trento",
            "country": "Italy",
            "identifiers": {
                "itabus": "TRE_T"
            }
        },
        {
            "name": "Sulmona",
            "country": "Italy",
            "identifiers": {
                "itabus": "SLM_T"
            }
        },
        {
            "name": "Loborika",
            "country": "Italy",
            "identifiers": {
                "itabus": "LOB_T"
            }
        },
        {
            "name": "Fisciano",
            "country": "Italy",
            "identifiers": {
                "itabus": "FSC_T"
            }
        },
        {
            "name": "Lecce",
            "country": "Italy",
            "identifiers": {
                "itabus": "LEC_T",
                "flixbus": "40e09d39-8646-11e6-9066-549f350fcb0c"
            }
        },
        {
            "name": "San Giovanni in Fiore",
            "country": "Italy",
            "identifiers": {
                "itabus": "SGF_T"
            }
        },
        {
            "name": "Roccaraso",
            "country": "Italy",
            "identifiers": {
                "itabus": "RCR_T"
            }
        },
        {
            "name": "Chieti",
            "country": "Italy",
            "identifiers": {
                "itabus": "CHT_T",
                "flixbus": "40e326f5-8646-11e6-9066-549f350fcb0c"
            }
        },
        {
            "name": "Turin",
            "country": "Italy",
            "identifiers": {
                "itabus": "TOR_T",
                "flixbus": "40deee02-8646-11e6-9066-549f350fcb0c"
            }
        },
        {
            "name": "Frascineto",
            "country": "Italy",
            "identifiers": {
                "itabus": "FRA_T"
            }
        },
        {
            "name": "Cannes",
            "country": "Italy",
            "identifiers": {
                "itabus": "CNN_T"
            }
        },
        {
            "name": "Cortina d'Ampezzo",
            "country": "Italy",
            "identifiers": {
                "itabus": "CRT_T"
            }
        },
        {
            "name": "Girona",
            "country": "Italy",
            "identifiers": {
                "itabus": "GIR_T"
            }
        },
        {
            "name": "Senise",
            "country": "Italy",
            "identifiers": {
                "itabus": "SNS_T"
            }
        },
        {
            "name": "Monopoli",
            "country": "Italy",
            "identifiers": {
                "itabus": "MON_T",
                "flixbus": "40e2a6b4-8646-11e6-9066-549f350fcb0c"
            }
        },
        {
            "name": "Buje",
            "country": "Italy",
            "identifiers": {
                "itabus": "BUJ_T"
            }
        },
        {
            "name": "Treviso",
            "country": "Italy",
            "identifiers": {
                "itabus": "TRV_T"
            }
        },
        {
            "name": "Prodol",
            "country": "Italy",
            "identifiers": {
                "itabus": "PRO_T"
            }
        },
        {
            "name": "Maribor",
            "country": "Italy",
            "identifiers": {
                "itabus": "MRB_T"
            }
        },
        {
            "name": "Piacenza",
            "country": "Italy",
            "identifiers": {
                "itabus": "PIA_T"
            }
        },
        {
            "name": "Bourg-en-Bresse",
            "country": "Italy",
            "identifiers": {
                "itabus": "BEB_T"
            }
        },
        {
            "name": "Taormina",
            "country": "Italy",
            "identifiers": {
                "itabus": "GIA_T"
            }
        },
        {
            "name": "Marseille",
            "country": "Italy",
            "identifiers": {
                "itabus": "MRS_T",
                "flixbus": "40df8e99-8646-11e6-9066-549f350fcb0c"
            }
        },
        {
            "name": "Chamb\u00e9ry",
            "country": "Italy",
            "identifiers": {
                "itabus": "CHF_T"
            }
        },
        {
            "name": "Crucoli",
            "country": "Italy",
            "identifiers": {
                "itabus": "CRU_T"
            }
        },
        {
            "name": "Calopezzati",
            "country": "Italy",
            "identifiers": {
                "itabus": "CAL_T",
                "flixbus": "0069f9c0-27d4-481c-a63e-e04218728ce6"
            }
        },
        {
            "name": "Rovinj",
            "country": "Italy",
            "identifiers": {
                "itabus": "ROV_T",
                "flixbus": "40e28dde-8646-11e6-9066-549f350fcb0c"
            }
        },
        {
            "name": "Reggio Emilia",
            "country": "Italy",
            "identifiers": {
                "itabus": "REG_T"
            }
        },
        {
            "name": "San Benedetto del Tronto",
            "country": "Italy",
            "identifiers": {
                "itabus": "SNB_T",
                "flixbus": "40e27bc9-8646-11e6-9066-549f350fcb0c"
            }
        },
        {
            "name": "Modena",
            "country": "Italy",
            "identifiers": {
                "itabus": "MDN_T",
                "flixbus": "40e09e0a-8646-11e6-9066-549f350fcb0c"
            }
        },
        {
            "name": "Florence",
            "country": "Italy",
            "identifiers": {
                "itabus": "FIR_T",
                "flixbus": "40de71c6-8646-11e6-9066-549f350fcb0c"
            }
        },
        {
            "name": "Milan (Assago M2)",
            "country": "",
            "identifiers": {
                "flixbus": "9b6b1783-3ecb-11ea-8017-02437075395e"
            }
        },
        {
            "name": "Rome Anagnina",
            "country": "",
            "identifiers": {
                "flixbus": "ce5af29e-fad4-48cb-a0e9-2bb4970f5522"
            }
        },
        {
            "name": "Turin (Lingotto)",
            "country": "",
            "identifiers": {
                "flixbus": "dcc48062-9603-11e6-9066-549f350fcb0c"
            }
        },
        {
            "name": "Massa",
            "country": "IT",
            "identifiers": {
                "flixbus": "40e1b6de-8646-11e6-9066-549f350fcb0c"
            }
        },
        {
            "name": "Florence (Villa Costanza)",
            "country": "",
            "identifiers": {
                "flixbus": "dcbcdfc1-9603-11e6-9066-549f350fcb0c"
            }
        },
        {
            "name": "Milan (Lampugnano bus station)",
            "country": "",
            "identifiers": {
                "flixbus": "dcbc484a-9603-11e6-9066-549f350fcb0c"
            }
        },
        {
            "name": "Aosta",
            "country": "IT",
            "identifiers": {
                "flixbus": "40e2b92f-8646-11e6-9066-549f350fcb0c"
            }
        },
        {
            "name": "Naples Afragola AV",
            "country": "",
            "identifiers": {
                "flixbus": "c284728f-da61-43f5-aff7-6f942f088419"
            }
        },
        {
            "name": "Sora",
            "country": "IT",
            "identifiers": {
                "flixbus": "c9b922d8-5d62-4947-8eb4-d52aabe7f83c"
            }
        },
        {
            "name": "Ostuni (SS 379 AREA DI SERVIZIO Q8)",
            "country": "",
            "identifiers": {
                "flixbus": "e12768dd-c645-488e-a83c-8d6742167cae"
            }
        },
        {
            "name": "Nice",
            "country": "FR",
            "identifiers": {
                "flixbus": "40e13a46-8646-11e6-9066-549f350fcb0c"
            }
        },
        {
            "name": "Paris (Pershing - Porte Maillot)",
            "country": "",
            "identifiers": {
                "flixbus": "dcbd8ba2-9603-11e6-9066-549f350fcb0c"
            }
        },
        {
            "name": "Cassino",
            "country": "IT",
            "identifiers": {
                "flixbus": "40e32374-8646-11e6-9066-549f350fcb0c"
            }
        },
        {
            "name": "Giulianova - Mosciano Sant'Angelo",
            "country": "",
            "identifiers": {
                "flixbus": "d99ebf3a-78fa-4af2-97ff-ffb38006b7b5"
            }
        },
        {
            "name": "Civitanova Marche",
            "country": "IT",
            "identifiers": {
                "flixbus": "40e27cb6-8646-11e6-9066-549f350fcb0c"
            }
        },
        {
            "name": "Ancona",
            "country": "IT",
            "identifiers": {
                "flixbus": "40df3877-8646-11e6-9066-549f350fcb0c"
            }
        },
        {
            "name": "Toulon",
            "country": "FR",
            "identifiers": {
                "flixbus": "40e06806-8646-11e6-9066-549f350fcb0c"
            }
        },
        {
            "name": "Teramo",
            "country": "IT",
            "identifiers": {
                "flixbus": "40e28323-8646-11e6-9066-549f350fcb0c"
            }
        },
        {
            "name": "Naples Airport",
            "country": "IT",
            "identifiers": {
                "flixbus": "a8015e36-038b-4ec8-a5ab-915a38671197"
            }
        },
        {
            "name": "Agropoli",
            "country": "IT",
            "identifiers": {
                "flixbus": "886b2b42-f0e8-4cfe-8a3e-dd744b840ee8"
            }
        },
        {
            "name": "Taranto (Terminal Cimino)",
            "country": "",
            "identifiers": {
                "flixbus": "9070422c-d126-4b9d-998c-4c35796ef809"
            }
        },
        {
            "name": "Grottaminarda",
            "country": "IT",
            "identifiers": {
                "flixbus": "40e30fb8-8646-11e6-9066-549f350fcb0c"
            }
        },
        {
            "name": "Altamura",
            "country": "IT",
            "identifiers": {
                "flixbus": "40e2a8d4-8646-11e6-9066-549f350fcb0c"
            }
        },
        {
            "name": "Lyon (Gerland Bus Station)",
            "country": "",
            "identifiers": {
                "flixbus": "9fe81919-2d89-48f4-81a3-322dc4b5614d"
            }
        },
        {
            "name": "Avezzano",
            "country": "IT",
            "identifiers": {
                "flixbus": "05252a3f-67a9-4ef6-a1e5-31bd60f6d18f"
            }
        },
        {
            "name": "Bergamo Orio al Serio Airport",
            "country": "IT",
            "identifiers": {
                "flixbus": "e66b26bd-758d-4c59-ad1f-eddf72800f3e"
            }
        },
        {
            "name": "Vico Equense",
            "country": "IT",
            "identifiers": {
                "flixbus": "83c31890-d25f-49fb-84f6-883fc0939301"
            }
        },
        {
            "name": "Battipaglia",
            "country": "IT",
            "identifiers": {
                "flixbus": "85a78e4f-d16e-4d77-80ab-6831e50273d8"
            }
        },
        {
            "name": "Castellammare di Stabia",
            "country": "IT",
            "identifiers": {
                "flixbus": "eccd9d3d-03e3-4c78-9150-cce823ce8a27"
            }
        },
        {
            "name": "Ferrandina Scalo",
            "country": "",
            "identifiers": {
                "flixbus": "2f40e1a2-ab0f-4592-897c-8f6ef5224ee2"
            }
        },
        {
            "name": "Milan (Malpensa Airport Terminal 2)",
            "country": "",
            "identifiers": {
                "flixbus": "dcc5e8c6-9603-11e6-9066-549f350fcb0c"
            }
        },
        {
            "name": "Pisa airport",
            "country": "IT",
            "identifiers": {
                "flixbus": "bb83c8ab-c0ec-404b-bb4a-4781711186b4"
            }
        },
        {
            "name": "Livorno",
            "country": "IT",
            "identifiers": {
                "flixbus": "40e09b0a-8646-11e6-9066-549f350fcb0c"
            }
        },
        {
            "name": "Milan (Sesto S.G. 1\u00b0 Maggio M1)",
            "country": "",
            "identifiers": {
                "flixbus": "dcc2fd0d-9603-11e6-9066-549f350fcb0c"
            }
        },
        {
            "name": "Viareggio",
            "country": "IT",
            "identifiers": {
                "flixbus": "40e1b7a0-8646-11e6-9066-549f350fcb0c"
            }
        },
        {
            "name": "Serravalle Scrivia (Outlet)",
            "country": "IT",
            "identifiers": {
                "flixbus": "40e2a3c7-8646-11e6-9066-549f350fcb0c"
            }
        },
        {
            "name": "Picerno",
            "country": "",
            "identifiers": {
                "flixbus": "d1fba741-8204-4a7d-8514-84ae0a572a46"
            }
        },
        {
            "name": "Rome Ciampino Airport",
            "country": "IT",
            "identifiers": {
                "flixbus": "661be483-28f7-4776-8d7b-1dfa08c6f288"
            }
        },
        {
            "name": "Trieste Airport",
            "country": "IT",
            "identifiers": {
                "flixbus": "74fc3496-db2d-4884-89f1-ace2d36469f1"
            }
        },
        {
            "name": "Mormanno",
            "country": "IT",
            "identifiers": {
                "flixbus": "072ba27e-e4c4-4114-b828-90e73884d33f"
            }
        },
        {
            "name": "Eboli",
            "country": "IT",
            "identifiers": {
                "flixbus": "4c84a913-72a2-4297-9e70-36c3f8e984cd"
            }
        },
        {
            "name": "Zagreb",
            "country": "HR",
            "identifiers": {
                "flixbus": "40dea87d-8646-11e6-9066-549f350fcb0c"
            }
        },
        {
            "name": "Nova Gradi\u0161ka",
            "country": "HR",
            "identifiers": {
                "flixbus": "40e2939c-8646-11e6-9066-549f350fcb0c"
            }
        },
        {
            "name": "Donja Zden\u010dina",
            "country": "HR",
            "identifiers": {
                "flixbus": "d6052122-be2e-4c93-8bcd-e90ba5b85075"
            }
        },
        {
            "name": "Sulmona - Pratola Peligna",
            "country": "",
            "identifiers": {
                "flixbus": "7e60f723-f816-4d68-b375-5abf1d851d76"
            }
        },
        {
            "name": "Venice Mestre (Stazione FS)",
            "country": "",
            "identifiers": {
                "flixbus": "dcc0139d-9603-11e6-9066-549f350fcb0c"
            }
        },
        {
            "name": "Osijek",
            "country": "HR",
            "identifiers": {
                "flixbus": "40e2ecb1-8646-11e6-9066-549f350fcb0c"
            }
        },
        {
            "name": "Vinkovci",
            "country": "HR",
            "identifiers": {
                "flixbus": "40e28734-8646-11e6-9066-549f350fcb0c"
            }
        },
        {
            "name": "Slavonski Brod",
            "country": "HR",
            "identifiers": {
                "flixbus": "40e28c6a-8646-11e6-9066-549f350fcb0c"
            }
        },
        {
            "name": "Koper",
            "country": "SI",
            "identifiers": {
                "flixbus": "40e28d27-8646-11e6-9066-549f350fcb0c"
            }
        },
        {
            "name": "Lauria - Galdo",
            "country": "IT",
            "identifiers": {
                "flixbus": "19ae49ef-02dd-4115-ab4d-b081f0461c5e"
            }
        },
        {
            "name": "Torre Melissa",
            "country": "IT",
            "identifiers": {
                "flixbus": "9a14178d-e430-4566-a76f-db1946b52a41"
            }
        },
        {
            "name": "Schiavonea",
            "country": "IT",
            "identifiers": {
                "flixbus": "59623ce3-2888-430f-8a99-149df9a986f8"
            }
        },
        {
            "name": "Contrada Frasso",
            "country": "IT",
            "identifiers": {
                "flixbus": "be8e8787-ef17-4baa-ba68-0500e25235e2"
            }
        },
        {
            "name": "Mirto Crosia",
            "country": "IT",
            "identifiers": {
                "flixbus": "a36add60-09e2-472b-9c2f-2ba85002359a"
            }
        },
        {
            "name": "Castrovillari-Frascineto",
            "country": "IT",
            "identifiers": {
                "flixbus": "1aa6a270-dd07-4a77-ab9b-9d094db6afbf"
            }
        },
        {
            "name": "Udine",
            "country": "IT",
            "identifiers": {
                "flixbus": "40e2a317-8646-11e6-9066-549f350fcb0c"
            }
        },
        {
            "name": "Torretta Crucoli",
            "country": "IT",
            "identifiers": {
                "flixbus": "e57fc1bd-f090-4cac-97e6-23737facc77c"
            }
        },
        {
            "name": "Strongoli Marina",
            "country": "IT",
            "identifiers": {
                "flixbus": "d73a6037-166c-45b6-9ac6-c357efee3abb"
            }
        },
        {
            "name": "Bivio Cantinella",
            "country": "IT",
            "identifiers": {
                "flixbus": "42236846-f93e-46f7-8828-b59b2bd6c3b3"
            }
        },
        {
            "name": "Corigliano",
            "country": "IT",
            "identifiers": {
                "flixbus": "d2b4a038-9f28-415e-b0ed-8498ba704c9a"
            }
        },
        {
            "name": "Saronno",
            "country": "IT",
            "identifiers": {
                "flixbus": "8f52e5df-4382-4fb8-b902-9e8aeb559922"
            }
        },
        {
            "name": "Gallipoli",
            "country": "",
            "identifiers": {
                "flixbus": "1ab6e97c-3133-496c-9622-6c4dd58fbc55"
            }
        },
        {
            "name": "Polignano a Mare",
            "country": "IT",
            "identifiers": {
                "flixbus": "40e2a5f3-8646-11e6-9066-549f350fcb0c"
            }
        },
        {
            "name": "Nocera inferiore",
            "country": "IT",
            "identifiers": {
                "flixbus": "bf0df687-4ef6-4ed2-9e96-d1d9408c843e"
            }
        },
        {
            "name": "Piacenza (Viale Sant'Ambrogio)",
            "country": "",
            "identifiers": {
                "flixbus": "a313438d-009b-41ed-9ab0-f12fe228fb85"
            }
        },
        {
            "name": "Portoro\u017e",
            "country": "SI",
            "identifiers": {
                "flixbus": "40e290c1-8646-11e6-9066-549f350fcb0c"
            }
        },
        {
            "name": "Como Grandate",
            "country": "",
            "identifiers": {
                "flixbus": "6121b860-5df7-4e13-9fac-e1d7c08e13ce"
            }
        },
        {
            "name": "Pore\u010d",
            "country": "HR",
            "identifiers": {
                "flixbus": "40e2922f-8646-11e6-9066-549f350fcb0c"
            }
        },
        {
            "name": "Milan (San Donato M3)",
            "country": "",
            "identifiers": {
                "flixbus": "dcc455fa-9603-11e6-9066-549f350fcb0c"
            }
        }
    ]
}